active_ad,,,,,,,ad_amount,,,ad,,,recharge,,,,,,,SDK登录,,
log_date,log_time,country,role_id,ad_id,uuid,,ad_id,ad_amount,,ad_id,reward,,role_id,log_time,log_date,money,item_id,下单,,,隐私,
2026/1/26,,,1001,1@,9987,,1@,,,,,,10001,2026/1/26 10:00,2026/1/26,0.99,1,支付成功,,,sdk初始化,
,,,1001,1@,9986,,2@,,,,,,10001,2026/1/26 10:05,2026/1/26,2.99,2,发货,,,更新/无更新,重启
,,,1002,1@,,,,,,,,,,,,,,,,,登录开始,成功/失败
,,,1003,1@,,,,,,,,,,,,,,,,,进入游戏,
,,,,,,,,,,,,,,,,,,,,,,
,,,,,,,,,,,,,,,,,,,,,,
,,,,,,,,,,,,,,,,,,,,,,
,,,,,,,,,,,,,,,,,,,,,,
left join 后会有重复行,,,,,,,,,,,,,,,,,,,,,,
原因：,,,,,,,,,,,,,,,,,,,,,,
1、模型本身存在一对多,,,,,,,,一个user,,,层级关系,,,,一条广告,,,,,,,
2、右表关联字段本身不唯一，user_id会变,,,,,,,,多个订单,,,,国家表/店铺表,,,多个用户,,广告消耗,,,,,
3、连接条件设计不精确，连接条件宽松，或字段类型有差异,,,,,,,,多条订单明细,,,,广告表,,,,,log_date,,,,,
,,,,,,,,,,,,用户表,,,,,reg_date,,,,,
,,,,,,,,,,,,订单表,uuid,,,,,,,,,
识别：,,,,,,,,,,,,订单明细表,,,,,,,,,,
1、检查右表唯一性,,,,,,,,,,,,,,,,,,,,,,
select 关联字段，count(*)重复数量,,,,,,,,,,,,,,,,,,,,,,
from 右表,,,,,,,,,,,,,,,,,,,,,,
group by 关联字段,,,,,,,,,,,,,,,,,,,,,,
having count(*)>1,,,,,,,,,,左表,,右表,,,,,,,,,,
,,,,,,,,右表的清洗和分析,,active,,ad_amount,,,,,,,,,,
2、对比左表和left join结果集行数，确认膨胀情况,,,,,,,,,,,,,,,,,,,,,,
原本行,,,left join后行数,,,,,,,,,,,,,,,,,,,
select count(*) from 左表,,,select count(*) from 左表 left join 右表 on 连接字段,,,,,,,,,,,,,,,,,,,
,,,,,,,,,,,,,,,,,,,,,,
,,,,,,,,,,,,,,,,,,,,,,
右表重复键数量,,,,,,,,,,,,,,,,,,,,,,
select count(*) ,,,,,,,,,,,,,,,,,,,,,,
from (select 关键字段 from 右表 group by 关键字段 having count(*)>1),,,,,,,,,,,,,,,,,,,,,,
,,,,,,,,,,,,,,,,,,,,,,
3、定位具体膨胀的记录,,,,,,,,表连接,,,,,,,,,,,,,,
"select 左表.字段 ,count(*) as join_count",,,,,,,,子查询,,,,,,,,,,,,,,
from 左表,,,,,,,,"('巴西','印度尼西亚','印度')",,,,,,,,,,,,,,
left join 右表 on 关键字段,,,,,,,,,,,,,,,,,,,,,,
group by 左表.字段,,,,,,,,,,,,,,,,,,,,,,
having count(*)>1,,,,,,,,,,,,,,,,,,,,,,
,,,,,,,,,,,,,,,,,,,,,,
,,,,,,,,,,,,,,,,,,,,,,
解决：,,,,,,,,,,,,,,,,,,,,,,
1、在join前对右表去重，保留最新或有效记录,,,,,,,,,,,,,,,,,,,,,,
2、采用窗口函数选取主记录,,,,,,,PRUDUCT,AMOUNT,,,,,,,,,,,,,,
,,,,,,,A,100,,,,,,,,,,,,,,
,,,, ,,,A,100,,,,,,,,,,,,,,
,,,,,,,B,200,,,,,,,,,,,,,,
,,,,,,,C,150,,,,,,,,,,,,,,
